{"model_name": "HawkesDecayRNN", "process_dim": 1, "hidden_size": 64, "data_file": "../data/simulated/hawkes_synthetic_exp_1d_20181205-142133.pkl", "avg_rmse": 4.968164181513394, "var_mse": 5145.736818721738, "std_rmse": 0.12946776290800469, "error_types": 0.0}
{"model_name": "HawkesLSTM", "process_dim": 1, "hidden_size": 64, "data_file": "../data/simulated/hawkes_synthetic_exp_1d_20181205-142133.pkl", "avg_rmse": 5.032303409592984, "var_mse": 4564.140317920303, "std_rmse": 0.11337105363171686, "error_types": 0.0}
{"model_name": "HawkesLSTM", "process_dim": 2, "hidden_size": 64, "data_file": "../data/simulated/hawkes_synthetic_exp_2d_20181207-220402.pkl", "avg_rmse": 6.027694998474036, "var_mse": 8514.30357809259, "std_rmse": 0.35313264773051967, "error_types": 0.501}