{"model_name": "HawkesDecayRNN", "process_dim": 1, "hidden_size": 64, "data_file": "../data/simulated/hawkes_synthetic_exp_1d_20181205-142133.pkl", "avg_rmse": 4.968164181513394, "var_mse": 5145.736818721738, "std_rmse": 0.12946776290800469, "error_types": 0.0}
{"model_name": "HawkesLSTM", "process_dim": 1, "hidden_size": 64, "data_file": "../data/simulated/hawkes_synthetic_exp_1d_20181205-142133.pkl", "avg_rmse": 5.032303409592984, "var_mse": 4564.140317920303, "std_rmse": 0.11337105363171686, "error_types": 0.0}
{"model_name": "HawkesDecayRNN", "process_dim": 2, "hidden_size": 64, "data_file": "../data/simulated/hawkes_synthetic_exp_2d_20181207-220402.pkl", "avg_rmse": 5.220785326583495, "var_mse": 4488.857833458602, "std_rmse": 0.2149512742174045, "error_types": 0.522}
{"model_name": "HawkesLSTM", "process_dim": 2, "hidden_size": 64, "data_file": "../data/simulated/hawkes_synthetic_exp_2d_20181207-220402.pkl", "avg_rmse": 6.2031173129478505, "var_mse": 9301.76907995996, "std_rmse": 0.3748828456195828, "error_types": 0.501}